Customer_ID,Loan_Amount,Monthly_Installment,Repayments_Missed,Tenure
C1000,1489028,9707,0,36
C1001,1104326,19130,0,36
C1002,390912,26888,0,60
C1003,85903,6633,0,48
C1004,1302137,19304,0,48
C1005,662242,11269,2,24
C1006,562493,15778,0,12
C1007,1055489,9008,0,24
C1008,919446,17523,0,24
C1009,691593,29405,1,24
C1010,250753,20765,1,24
C1011,82101,5618,1,48
C1012,52775,27373,1,12
C1013,540399,22827,1,24
C1014,95619,2272,0,48
C1015,1350964,29586,4,24
C1016,462755,15007,0,36
C1017,115149,20157,0,24
C1018,76616,4547,0,24
C1019,796055,5164,1,60
C1020,1284215,23164,0,36
C1021,256903,16414,2,12
C1022,1329894,16327,0,24
C1023,1088218,17576,0,12
C1024,402365,2946,0,36
C1025,951311,16693,0,24
C1026,337623,29241,1,60
C1027,411309,18890,1,48
C1028,105863,17540,1,60
C1029,1271691,8719,1,60
C1030,545654,10435,0,48
C1031,827635,27081,0,48
C1032,763340,13350,1,48
C1033,1050460,24744,1,24
C1034,328495,26041,1,12
C1035,1233779,5590,0,12
C1036,297908,12064,1,48
C1037,881257,19576,0,60
C1038,1290579,19848,0,36
C1039,1373173,2390,0,48
C1040,651982,23999,0,60
C1041,983334,14668,0,60
C1042,750033,13569,1,24
C1043,963438,15029,1,24
C1044,794822,24490,0,12
C1045,619354,15107,1,12
C1046,184445,27248,1,36
C1047,453551,4560,1,36
C1048,991245,7867,2,36
C1049,619829,17284,0,36
C1050,1263705,3211,0,60
C1051,641271,11121,1,60
C1052,203837,3539,0,12
C1053,764647,27488,1,24
C1054,957179,19027,2,24
C1055,921535,10693,1,48
C1056,227597,10921,0,60
C1057,1085408,19667,1,36
C1058,528454,26064,2,36
C1059,1386286,12310,0,48
C1060,909625,25729,1,24
C1061,546440,14744,1,36
C1062,826372,6386,2,24
C1063,695303,19303,1,48
C1064,222257,14242,0,24
C1065,1322597,20723,1,24
C1066,345599,16257,3,24
C1067,995522,10947,2,36
C1068,366363,15946,0,12
C1069,882423,7930,0,60
C1070,647904,7402,1,24
C1071,166841,24047,1,24
C1072,219934,28445,1,24
C1073,1185270,18017,1,12
C1074,287068,23659,0,48
C1075,880288,2507,0,36
C1076,151407,3436,1,12
C1077,901161,29151,0,24
C1078,1335076,13618,3,12
C1079,628641,10750,1,12
C1080,755356,18122,1,12
C1081,1309720,9354,0,48
C1082,86683,13294,0,60
C1083,1212667,22900,0,36
C1084,167797,15840,0,48
C1085,374934,22006,0,48
C1086,1392200,6399,0,60
C1087,335713,7037,1,48
C1088,847583,26495,2,12
C1089,514310,17848,0,12
C1090,1288822,5715,1,24
C1091,607242,16877,3,48
C1092,1080488,9837,0,24
C1093,818223,3301,1,36
C1094,159373,9370,1,12
C1095,608988,23569,0,36
C1096,1060540,20539,2,60
C1097,1222304,8411,1,12
C1098,903220,8365,0,36
C1099,964424,17449,1,60
C1100,916491,2692,2,36
C1101,969134,3478,0,60
C1102,1486803,8396,0,60
C1103,138059,10448,1,12
C1104,882583,12622,1,24
C1105,492136,18825,0,60
C1106,248303,12073,0,60
C1107,561162,4646,0,12
C1108,523573,7209,2,24
C1109,1363982,8533,0,48
C1110,379125,23061,3,48
C1111,957383,9211,0,24
C1112,959531,11927,0,36
C1113,1180548,13927,1,12
C1114,1436205,21029,0,24
C1115,1153298,26594,1,48
C1116,231890,11316,1,60
C1117,997436,14177,0,48
C1118,1367621,12846,2,60
C1119,167473,9933,2,12
C1120,320741,7476,0,60
C1121,1490351,15853,1,24
C1122,908823,9928,1,60
C1123,789574,4080,1,36
C1124,375437,8089,1,24
C1125,206877,25780,1,12
C1126,922834,28123,0,24
C1127,493066,9797,0,36
C1128,384923,19245,1,12
C1129,669696,10346,0,48
C1130,170062,21878,1,36
C1131,1110676,2904,2,12
C1132,1417741,19653,0,60
C1133,1082499,18788,1,24
C1134,1488846,27419,1,12
C1135,1293048,11974,1,24
C1136,928878,28140,1,60
C1137,284196,3184,1,12
C1138,257609,27322,2,48
C1139,725302,3725,0,36
C1140,333006,13380,1,12
C1141,323813,26846,0,60
C1142,957651,15057,0,12
C1143,759132,24195,1,24
C1144,323022,7606,0,12
C1145,839417,5956,1,48
C1146,541121,18555,0,12
C1147,1303296,26849,1,36
C1148,331075,20690,0,12
C1149,1191452,27734,0,24
C1150,574624,28282,1,12
C1151,879365,18081,0,48
C1152,1052403,28347,0,60
C1153,1406256,2421,1,12
C1154,643792,7540,0,12
C1155,673502,27785,0,36
C1156,1280796,18288,0,48
C1157,163936,17966,1,60
C1158,66279,17882,0,24
C1159,1298313,6675,0,12
C1160,1202327,11082,0,60
C1161,1465153,15009,0,24
C1162,1169962,29843,0,48
C1163,136124,8748,4,48
C1164,1466470,8103,1,60
C1165,386199,19857,1,24
C1166,141911,21627,1,48
C1167,935050,20565,0,60
C1168,772030,28025,0,48
C1169,1043978,21480,1,48
C1170,497244,25030,1,48
C1171,1319670,29832,1,36
C1172,426036,13348,0,24
C1173,287723,11782,0,60
C1174,1431848,7882,2,60
C1175,888927,24366,0,24
C1176,132806,7798,0,24
C1177,781893,11627,1,24
C1178,1328673,10415,1,24
C1179,1024334,26795,2,12
C1180,1042144,14466,0,60
C1181,247478,11846,1,12
C1182,537436,14720,0,48
C1183,1410369,26840,3,48
C1184,539709,11145,0,60
C1185,487585,6524,0,48
C1186,1330780,8559,0,24
C1187,407546,9620,3,12
C1188,867108,21158,0,24
C1189,900525,24057,1,48
C1190,231871,5124,0,12
C1191,391558,10671,1,24
C1192,548512,13706,0,60
C1193,1453815,19737,1,24
C1194,817442,29898,1,48
C1195,525278,14070,0,12
C1196,344067,27465,0,60
C1197,429593,22238,1,12
C1198,544955,10134,1,60
C1199,1334574,2924,0,12
C1200,1096195,20554,0,48
C1201,696045,28478,2,60
C1202,867459,7506,2,36
C1203,740824,15650,1,12
C1204,1395205,4395,3,12
C1205,1358014,26604,0,24
C1206,200528,17310,1,60
C1207,518011,10226,0,36
C1208,347698,13781,3,48
C1209,1407642,7515,2,24
C1210,1374129,21054,0,36
C1211,774687,5365,0,60
C1212,796760,18972,0,36
C1213,348783,13410,3,12
C1214,1329758,21522,0,12
C1215,1187613,11095,1,24
C1216,798423,25047,1,60
C1217,1287063,22470,1,60
C1218,68074,12361,0,36
C1219,720909,10531,1,24
C1220,1390683,6270,1,60
C1221,806967,24403,1,12
C1222,626553,11906,0,36
C1223,66061,18940,0,48
C1224,1258458,26406,1,12
C1225,503222,13279,0,24
C1226,687790,7452,0,60
C1227,1383520,29842,0,12
C1228,1476912,21951,2,48
C1229,552175,28632,1,48
C1230,1355081,22283,0,24
C1231,681516,8477,1,12
C1232,256548,25884,1,36
C1233,500983,19400,2,12
C1234,518535,8470,0,48
C1235,546005,4062,1,24
C1236,750757,11030,2,24
C1237,1111809,28213,2,36
C1238,816565,22705,1,24
C1239,533236,21880,0,24
C1240,902159,3813,2,24
C1241,1431173,13671,1,24
C1242,678423,24640,0,24
C1243,420608,16308,1,48
C1244,267314,28027,1,12
C1245,587970,4313,2,60
C1246,204455,11706,2,24
C1247,1418880,19615,1,60
C1248,798692,11837,0,60
C1249,335810,7831,0,48
C1250,1419537,21383,0,24
C1251,477858,21824,0,60
C1252,584522,6056,1,24
C1253,631904,2305,0,36
C1254,321365,16347,0,36
C1255,1241058,28299,0,36
C1256,766773,3689,1,60
C1257,1099627,28093,2,36
C1258,128116,5917,1,48
C1259,434370,25464,2,48
C1260,1327507,26995,0,60
C1261,1405477,4936,1,24
C1262,569385,5862,0,12
C1263,1481728,16506,0,24
C1264,276572,16318,0,24
C1265,181379,17300,1,24
C1266,1036399,28026,1,24
C1267,276256,29672,0,12
C1268,872376,7649,0,36
C1269,935987,21645,1,24
C1270,612422,27740,2,48
C1271,470539,28445,1,60
C1272,252834,20203,0,60
C1273,1326155,29281,2,48
C1274,600242,17674,3,24
C1275,760381,19726,1,12
C1276,1450679,7560,1,36
C1277,801287,17451,1,60
C1278,1365712,20610,0,36
C1279,576249,3079,0,12
C1280,586785,15983,1,60
C1281,475767,22590,1,36
C1282,849687,24664,0,12
C1283,185639,17327,0,36
C1284,810177,14755,1,24
C1285,1118965,29355,0,12
C1286,1274171,29104,0,36
C1287,1484522,9235,0,24
C1288,373720,19197,2,24
C1289,1094846,23473,2,12
C1290,880351,4031,2,48
C1291,787463,10514,0,60
C1292,53358,29545,2,12
C1293,400679,11095,0,24
C1294,551110,28117,1,24
C1295,1351133,16287,2,12
C1296,257596,7911,1,48
C1297,680270,13695,0,60
C1298,278129,21037,0,36
C1299,378953,29052,2,12
C1300,667367,5340,1,60
C1301,1154381,9876,1,60
C1302,212421,17896,2,24
C1303,1306425,14435,0,36
C1304,911465,3141,1,12
C1305,288483,27425,0,24
C1306,442551,26942,0,24
C1307,1142617,21281,0,48
C1308,320146,11281,1,60
C1309,1430503,22425,2,12
C1310,157524,4038,1,12
C1311,268306,29436,0,12
C1312,961289,6270,1,24
C1313,594026,12046,0,48
C1314,163776,6683,1,36
C1315,230494,18878,0,24
C1316,242971,9116,3,36
C1317,979896,29758,2,48
C1318,327785,3784,1,60
C1319,1440254,21894,0,12
C1320,318449,5786,1,36
C1321,803622,23650,1,24
C1322,1379502,11190,2,36
C1323,1438977,7428,0,60
C1324,286371,8681,2,12
C1325,652251,8893,0,36
C1326,696275,14661,1,60
C1327,174591,16892,0,24
C1328,642054,11643,1,48
C1329,580799,11943,0,24
C1330,689104,12472,0,12
C1331,550981,14992,0,24
C1332,823720,23042,0,24
C1333,993681,25466,1,24
C1334,316909,13126,0,24
C1335,1250002,8869,0,12
C1336,1384649,25991,1,60
C1337,1258468,9669,0,36
C1338,1210152,13538,2,48
C1339,1033667,12065,2,36
C1340,1176101,24603,0,36
C1341,63780,22918,1,48
C1342,318733,24363,1,12
C1343,930096,12171,0,48
C1344,1013443,27274,1,12
C1345,154188,19696,1,36
C1346,667614,4962,0,12
C1347,877385,15851,0,60
C1348,640073,21322,1,48
C1349,1124477,14979,0,60
C1350,517927,28876,0,36
C1351,1376980,21581,1,48
C1352,699285,7296,0,36
C1353,347584,25588,0,60
C1354,1455802,16745,0,36
C1355,942015,7730,0,48
C1356,630971,15921,0,48
C1357,436350,2126,1,36
C1358,222502,7602,0,48
C1359,824107,19575,0,48
C1360,904741,21023,3,36
C1361,882359,14581,0,60
C1362,1305062,17997,0,48
C1363,962935,19750,0,48
C1364,499777,11211,1,48
C1365,191449,24837,2,48
C1366,627880,16997,1,36
C1367,1236995,8671,0,60
C1368,345920,25067,1,60
C1369,971287,14271,0,12
C1370,185370,22923,0,48
C1371,906636,10876,2,48
C1372,922639,4887,1,12
C1373,498377,11654,0,60
C1374,897084,6086,3,24
C1375,541830,20645,1,24
C1376,966004,6180,1,60
C1377,293767,4841,1,48
C1378,477244,28343,0,24
C1379,554677,8040,1,36
C1380,913428,21944,2,36
C1381,866698,12304,1,12
C1382,568895,6758,0,60
C1383,1325393,19010,0,60
C1384,467216,29990,1,24
C1385,981515,18234,0,48
C1386,1101442,7014,1,60
C1387,162669,3375,0,24
C1388,842330,3181,1,24
C1389,330539,24092,3,60
C1390,1070747,2490,3,24
C1391,316150,5729,2,12
C1392,739753,7974,1,12
C1393,493258,21918,1,60
C1394,539415,21680,1,48
C1395,997135,20324,0,12
C1396,1456396,23398,0,12
C1397,696012,3882,1,60
C1398,943659,23292,2,36
C1399,774857,4987,0,24
C1400,538029,7585,0,12
C1401,222646,5159,2,36
C1402,1392137,6530,0,48
C1403,400164,19065,3,36
C1404,1444359,23638,0,60
C1405,1193457,3073,0,48
C1406,292934,15743,0,48
C1407,182659,20771,0,36
C1408,551323,28970,0,60
C1409,689872,4693,0,12
C1410,797108,11562,0,36
C1411,912318,6340,3,12
C1412,986320,4156,0,36
C1413,865864,18184,1,12
C1414,1278265,9966,1,36
C1415,1433093,4580,1,48
C1416,1263865,9257,0,24
C1417,1381604,4159,1,48
C1418,317598,18172,2,12
C1419,1200997,15900,2,60
C1420,1336821,13440,2,48
C1421,1051452,16678,0,24
C1422,1145687,16436,3,12
C1423,482829,14021,0,48
C1424,266750,8772,0,36
C1425,170592,3627,2,60
C1426,284000,13664,0,12
C1427,830277,10219,0,48
C1428,372137,25464,1,12
C1429,1227228,20369,1,36
C1430,976352,11713,1,24
C1431,558069,10488,1,48
C1432,902557,4181,1,12
C1433,1316092,13594,2,12
C1434,429653,20680,0,12
C1435,1160178,9164,0,24
C1436,253117,20981,0,12
C1437,287069,2901,1,60
C1438,616510,24444,3,60
C1439,1339660,11290,1,12
C1440,1340894,20061,2,60
C1441,758092,4881,0,48
C1442,1483370,15058,2,60
C1443,1147996,7622,1,12
C1444,649792,26436,0,36
C1445,321604,3378,3,48
C1446,673607,19632,1,24
C1447,714635,7650,0,12
C1448,718629,14433,1,24
C1449,1221248,24463,1,36
C1450,1433640,11456,0,24
C1451,563953,28483,0,12
C1452,467582,9036,0,12
C1453,94036,8487,0,36
C1454,1247017,19442,2,12
C1455,192867,29325,0,36
C1456,1168597,20432,2,36
C1457,419349,24499,0,12
C1458,735503,6248,1,60
C1459,472641,20860,0,36
C1460,387283,6603,2,12
C1461,810592,29773,2,60
C1462,633117,21937,0,36
C1463,441180,14632,0,60
C1464,851151,28337,0,48
C1465,683718,2220,3,48
C1466,450782,16226,0,60
C1467,62306,6818,0,36
C1468,628110,25576,2,12
C1469,74042,23007,3,24
C1470,458302,9349,2,12
C1471,722747,7618,1,24
C1472,663712,29464,1,24
C1473,1281266,11856,1,36
C1474,797410,25593,1,60
C1475,199395,6576,0,12
C1476,911858,29553,2,60
C1477,1088457,20255,0,48
C1478,685311,26299,1,36
C1479,985783,17207,1,36
C1480,1407719,3462,1,48
C1481,112780,23905,0,12
C1482,859340,17905,1,48
C1483,1486998,26920,1,12
C1484,1199282,18252,0,24
C1485,172019,10236,0,36
C1486,421852,9813,1,12
C1487,229001,4068,0,60
C1488,845775,7753,0,60
C1489,1198836,9237,1,36
C1490,1269439,16175,1,48
C1491,734494,25400,1,48
C1492,1079870,8191,2,12
C1493,643731,19898,1,48
C1494,804471,20982,2,36
C1495,369674,16622,0,12
C1496,710187,3001,0,24
C1497,146143,19417,0,48
C1498,194771,16877,0,48
C1499,1070332,12232,0,12
C1500,1058923,25283,0,60
C1501,950959,26849,1,48
C1502,710673,23435,0,36
C1503,161362,29223,1,48
C1504,1389527,28355,0,24
C1505,226298,6476,0,48
C1506,633838,18862,2,60
C1507,523288,2515,1,48
C1508,315702,14478,2,12
C1509,1042812,3191,0,48
C1510,362257,12860,0,60
C1511,1003847,15448,1,12
C1512,1156795,8297,3,36
C1513,1004470,27987,4,12
C1514,739129,29856,0,24
C1515,825292,18655,1,12
C1516,286495,10334,2,36
C1517,331373,26162,1,48
C1518,239073,8008,0,12
C1519,409281,9987,0,12
C1520,874516,5332,3,12
C1521,918212,2787,2,12
C1522,1060396,8222,0,36
C1523,1246454,11873,0,60
C1524,269707,19006,2,60
C1525,291249,22225,0,12
C1526,1135610,5676,1,36
C1527,221389,4572,0,36
C1528,1109165,8915,1,12
C1529,1155797,7033,1,24
C1530,1354503,9788,1,12
C1531,1459020,17689,1,24
C1532,691517,13452,0,12
C1533,875963,23598,1,24
C1534,626515,6712,2,24
C1535,315308,2066,0,12
C1536,143078,17855,3,24
C1537,877679,14478,1,48
C1538,809401,9533,2,60
C1539,624887,17103,0,36
C1540,514761,6616,0,24
C1541,976921,15277,0,24
C1542,1288227,19524,1,36
C1543,118207,28890,0,24
C1544,384199,7730,0,36
C1545,938698,12724,2,12
C1546,1438990,13772,0,48
C1547,161426,25849,2,48
C1548,184794,18268,0,60
C1549,1456352,27763,0,24
C1550,595726,22855,0,60
C1551,633107,14940,2,12
C1552,93856,21723,1,48
C1553,492244,18932,2,12
C1554,1158383,26059,0,12
C1555,886309,26648,1,24
C1556,540999,16643,0,12
C1557,1142037,2198,2,48
C1558,667762,29777,1,60
C1559,395280,28357,2,48
C1560,1381155,18955,0,24
C1561,457407,19174,1,48
C1562,921158,11830,0,36
C1563,1353306,28407,0,60
C1564,1345308,28431,0,36
C1565,470602,15798,0,36
C1566,325848,19558,1,24
C1567,106635,13469,0,12
C1568,969627,2178,1,36
C1569,1451430,20628,1,48
C1570,815197,22470,3,12
C1571,295984,19118,1,48
C1572,1423713,24616,0,48
C1573,1211328,2798,0,12
C1574,1309770,9601,1,12
C1575,278584,27363,1,48
C1576,182886,4795,0,24
C1577,1177113,14496,1,60
C1578,886690,6588,1,60
C1579,135166,9297,2,24
C1580,425854,5084,0,12
C1581,1396419,13110,2,48
C1582,358479,2731,0,60
C1583,914285,3129,2,48
C1584,347883,3605,1,24
C1585,609073,13970,1,48
C1586,213052,12937,2,24
C1587,806079,13362,2,12
C1588,1493401,4933,1,24
C1589,116253,17187,1,24
C1590,528697,27791,0,60
C1591,665416,26900,1,48
C1592,211081,7074,1,60
C1593,964013,16037,2,36
C1594,685254,28426,1,24
C1595,1236430,9099,0,36
C1596,673640,19874,0,60
C1597,469149,2893,1,48
C1598,797567,3390,1,60
C1599,682585,21773,0,48
C1600,612634,6239,0,48
C1601,1210714,22863,2,12
C1602,362916,20647,1,24
C1603,90149,5432,2,60
C1604,398844,4371,1,48
C1605,933190,29662,1,60
C1606,178447,22696,1,60
C1607,511693,3515,2,48
C1608,1104271,17906,2,36
C1609,884379,8326,0,24
C1610,1276872,16605,0,24
C1611,882297,25472,1,12
C1612,730913,7586,2,12
C1613,1465221,4917,0,12
C1614,1421130,24115,0,24
C1615,1464474,26070,0,36
C1616,403039,17901,0,24
C1617,992320,28928,0,24
C1618,1411425,19551,2,24
C1619,242994,26686,0,24
C1620,1476420,23493,0,36
C1621,910346,22711,2,12
C1622,1100457,24194,0,60
C1623,359509,22039,2,12
C1624,1177787,5793,1,12
C1625,1037626,11947,0,60
C1626,1254654,17859,2,24
C1627,1401918,25122,1,36
C1628,990335,3577,1,36
C1629,1009820,11488,2,12
C1630,1325779,20604,3,60
C1631,769846,11164,2,48
C1632,1138129,3030,1,24
C1633,1496714,17881,0,12
C1634,959210,12785,1,36
C1635,710046,8691,1,60
C1636,82766,22376,1,60
C1637,605710,19297,0,12
C1638,953022,8358,0,48
C1639,324349,20565,2,36
C1640,529806,21581,1,12
C1641,1253175,24424,1,48
C1642,1477197,3462,1,60
C1643,1126778,17511,1,24
C1644,489358,12570,1,36
C1645,898124,17897,0,36
C1646,787744,13646,1,48
C1647,70855,17474,2,12
C1648,526963,9037,2,60
C1649,861527,11499,1,48
C1650,1006228,23378,3,24
C1651,361385,15386,1,24
C1652,677407,27765,0,24
C1653,1193413,23692,1,48
C1654,273068,8221,0,60
C1655,406427,25474,0,36
C1656,983476,9769,2,12
C1657,173805,19071,0,36
C1658,859359,16356,0,60
C1659,165657,23045,1,36
C1660,903062,27783,1,48
C1661,154428,20278,1,24
C1662,172035,9389,1,60
C1663,1329356,6922,1,60
C1664,962676,15639,2,36
C1665,119518,24706,2,48
C1666,226355,12003,0,36
C1667,717565,21567,0,36
C1668,170243,22181,2,60
C1669,1057378,7178,1,36
C1670,988601,17240,3,24
C1671,446308,28220,0,36
C1672,1151887,5968,1,24
C1673,72692,4716,1,60
C1674,729222,18574,2,48
C1675,442179,15511,0,24
C1676,271468,19719,1,48
C1677,1440227,10181,0,48
C1678,130152,14995,1,24
C1679,513685,13298,0,60
C1680,1058803,18762,0,12
C1681,53969,22213,0,48
C1682,1134309,8380,1,48
C1683,381999,2615,0,60
C1684,91743,20714,1,60
C1685,220948,20138,0,36
C1686,943877,2463,0,60
C1687,70323,11158,1,48
C1688,1377148,22651,0,24
C1689,608866,5158,0,12
C1690,551793,22008,1,36
C1691,376284,15434,0,24
C1692,318508,6938,0,12
C1693,441011,7417,1,12
C1694,832259,24388,0,12
C1695,226968,10881,1,24
C1696,107062,29198,0,36
C1697,1326914,7603,1,36
C1698,785122,4212,1,12
C1699,719221,24504,1,24
C1700,1326485,24202,1,12
C1701,556995,18766,1,60
C1702,138302,20640,1,36
C1703,1083224,13695,1,48
C1704,788591,19796,0,12
C1705,615635,11775,1,60
C1706,577409,16559,0,36
C1707,133793,8146,2,24
C1708,337635,2371,2,36
C1709,633510,24190,3,24
C1710,728525,7565,1,24
C1711,578036,10802,0,12
C1712,1215123,10307,0,12
C1713,634668,9437,3,36
C1714,94331,2446,0,60
C1715,801393,3391,0,36
C1716,1064348,13516,0,48
C1717,875992,19724,0,24
C1718,1014190,17454,1,24
C1719,650198,21323,0,12
C1720,447891,13891,0,60
C1721,1034210,16998,0,12
C1722,550201,7969,0,48
C1723,1091566,11265,3,36
C1724,1094863,17861,0,36
C1725,781576,23197,0,60
C1726,1108644,21953,2,12
C1727,937198,7454,1,12
C1728,1386926,5150,2,48
C1729,1120913,28181,1,36
C1730,1250314,17386,0,12
C1731,297667,8414,0,60
C1732,706521,6657,0,36
C1733,1082321,25331,2,48
C1734,564241,12486,1,60
C1735,937099,26327,0,24
C1736,1450791,22046,0,48
C1737,1196640,22866,0,60
C1738,1006255,23181,0,12
C1739,1467231,16894,1,24
C1740,457974,23452,1,48
C1741,577466,7480,0,12
C1742,606119,10033,0,24
C1743,183248,2983,1,36
C1744,1201882,23991,1,12
C1745,214726,10543,1,60
C1746,994131,11916,0,48
C1747,757910,12143,0,24
C1748,424169,27855,0,12
C1749,750270,17581,1,36
C1750,140417,3907,0,48
C1751,763611,25308,1,48
C1752,478638,11216,2,12
C1753,1110560,10737,0,36
C1754,1187888,15757,0,24
C1755,242458,6174,1,12
C1756,1181867,28957,3,24
C1757,843567,27464,0,48
C1758,574608,17708,1,24
C1759,1070462,25649,0,36
C1760,727044,11297,1,60
C1761,1023417,29125,2,36
C1762,465105,3990,1,24
C1763,1458791,7596,0,12
C1764,1353659,18374,0,48
C1765,1053466,22382,0,60
C1766,684151,5775,1,12
C1767,91777,29388,0,12
C1768,96250,27496,0,36
C1769,941372,23029,2,24
C1770,1400850,20445,0,36
C1771,525147,22871,0,24
C1772,970041,17706,0,36
C1773,65216,16645,2,12
C1774,396293,15668,0,48
C1775,577297,17960,0,24
C1776,926336,13357,1,60
C1777,195281,6435,2,60
C1778,753803,21028,2,12
C1779,784803,17804,0,36
C1780,238069,19429,0,36
C1781,1462891,16626,2,12
C1782,164456,9951,3,60
C1783,1423279,8449,1,60
C1784,901324,21065,2,36
C1785,906841,5199,2,24
C1786,869497,8768,1,48
C1787,432688,11130,0,24
C1788,1468060,25824,0,60
C1789,83783,10633,0,24
C1790,84152,20934,1,48
C1791,494718,6225,2,24
C1792,198725,18980,0,24
C1793,541215,8054,1,24
C1794,221541,3505,2,24
C1795,1447203,11053,1,12
C1796,958017,17749,0,60
C1797,371898,12832,1,48
C1798,735338,18344,1,60
C1799,1186168,24852,1,12
C1800,1455263,25620,1,12
C1801,93169,16783,0,12
C1802,104745,3551,1,12
C1803,688273,17154,2,24
C1804,1088347,29812,1,60
C1805,71067,15799,2,36
C1806,101033,28312,1,48
C1807,95256,8852,0,12
C1808,795993,3449,0,60
C1809,289455,24337,1,12
C1810,552264,26840,2,12
C1811,1298993,26426,0,12
C1812,989695,4659,1,12
C1813,136803,9509,1,12
C1814,1302390,26277,1,48
C1815,168843,25829,0,60
C1816,529809,4721,0,12
C1817,603280,28038,0,12
C1818,1311179,14444,0,12
C1819,623091,11637,1,12
C1820,1470695,12490,0,24
C1821,194282,4925,1,24
C1822,526545,11824,0,36
C1823,1124846,28950,0,12
C1824,581740,25488,2,36
C1825,1402206,8240,1,48
C1826,1113435,18896,1,36
C1827,994740,2215,1,60
C1828,999403,9299,0,24
C1829,1210038,13523,0,24
C1830,1246311,12364,1,12
C1831,299737,5153,1,12
C1832,1379773,25834,0,48
C1833,192157,3706,1,48
C1834,1450465,12298,1,60
C1835,240167,3567,1,12
C1836,643805,12400,0,12
C1837,1234895,28907,1,48
C1838,978057,12345,0,48
C1839,1325029,3128,1,48
C1840,973639,21894,1,24
C1841,186645,9867,0,36
C1842,1092092,20749,0,36
C1843,1236837,7583,2,12
C1844,392221,6897,0,24
C1845,486862,24102,1,48
C1846,388767,8001,3,12
C1847,1229580,13113,1,24
C1848,103687,6567,1,60
C1849,904744,11271,1,24
C1850,1206191,16348,1,12
C1851,443120,13703,1,36
C1852,601852,15329,0,48
C1853,1029091,4741,1,60
C1854,581985,21404,1,24
C1855,654453,8256,2,12
C1856,984550,2228,0,12
C1857,632111,26746,4,48
C1858,583903,18678,1,12
C1859,556554,6284,0,12
C1860,966931,27001,1,48
C1861,650724,15264,1,60
C1862,1481282,15390,0,36
C1863,907549,25185,1,36
C1864,609070,2918,0,24
C1865,1177109,13445,3,60
C1866,290011,2498,1,24
C1867,1287903,4809,0,36
C1868,122684,6961,3,48
C1869,1315197,11017,1,12
C1870,1333871,5779,1,36
C1871,825723,12050,0,60
C1872,997509,4118,2,36
C1873,1004138,8391,0,60
C1874,787651,2145,1,60
C1875,761423,15929,0,60
C1876,203466,26326,0,24
C1877,284318,16917,0,48
C1878,422778,6565,2,36
C1879,181936,18576,2,48
C1880,1007726,23571,0,12
C1881,697952,8637,0,36
C1882,726315,10243,0,48
C1883,422818,4410,2,48
C1884,1202109,3820,1,12
C1885,918277,21348,2,60
C1886,1346573,4521,1,36
C1887,1168166,28445,1,36
C1888,1488495,20952,0,12
C1889,378615,7882,1,60
C1890,531530,3867,0,36
C1891,1404018,9465,1,36
C1892,1343512,25986,1,36
C1893,459925,29314,2,60
C1894,1108302,13461,3,12
C1895,241896,21583,0,36
C1896,1139118,29155,1,48
C1897,463461,8103,1,60
C1898,1133329,14197,0,24
C1899,916220,17424,0,12
C1900,333460,18053,0,48
C1901,283979,2240,2,36
C1902,658986,21824,1,24
C1903,328104,6631,1,12
C1904,1129367,11599,3,60
C1905,1075270,13694,2,24
C1906,337360,26658,2,24
C1907,1425147,7077,1,48
C1908,647578,5768,1,12
C1909,621302,11142,1,48
C1910,185150,9995,0,48
C1911,1045893,27186,2,36
C1912,1149095,24813,0,60
C1913,623340,15276,1,24
C1914,1112965,21989,0,12
C1915,408105,14746,0,60
C1916,930147,13475,0,60
C1917,887165,20557,1,12
C1918,922318,28098,0,60
C1919,1256329,8568,0,36
C1920,393150,4601,0,60
C1921,1193489,21041,1,36
C1922,668396,8080,0,24
C1923,829091,15854,1,24
C1924,319637,25709,0,48
C1925,119639,4159,4,36
C1926,1330028,29025,0,24
C1927,1415103,22214,3,60
C1928,359378,10313,0,12
C1929,1014795,6368,3,12
C1930,536084,3317,0,36
C1931,319515,22877,0,48
C1932,282520,29094,1,60
C1933,1342035,15272,0,36
C1934,721986,3230,1,12
C1935,287330,19517,1,36
C1936,1204149,25991,2,60
C1937,974634,3301,1,24
C1938,187900,17927,0,60
C1939,369658,3910,0,24
C1940,550364,26466,2,24
C1941,1334283,16904,1,24
C1942,748419,10107,2,36
C1943,573116,28081,1,12
C1944,563066,26354,1,36
C1945,314179,29761,0,12
C1946,1208343,20300,0,60
C1947,483961,25380,0,48
C1948,591529,4757,1,60
C1949,627263,28532,0,36
C1950,204226,8464,2,36
C1951,1012454,18562,0,12
C1952,541818,11088,2,36
C1953,106396,24746,0,24
C1954,168920,17124,0,36
C1955,456547,16260,1,12
C1956,244999,11743,0,12
C1957,113014,10683,1,24
C1958,644699,2060,0,12
C1959,235550,11269,0,48
C1960,1285382,25065,1,60
C1961,1083994,4895,0,36
C1962,388585,17323,1,48
C1963,1144697,14352,2,36
C1964,1094890,13875,0,48
C1965,372341,18969,3,36
C1966,1183153,7823,0,24
C1967,406778,13962,1,12
C1968,1347682,2534,1,12
C1969,1085141,21846,0,24
C1970,710197,6011,1,48
C1971,555200,21782,0,60
C1972,526379,4155,0,48
C1973,575754,24350,2,12
C1974,1086149,25713,0,60
C1975,396030,8957,0,36
C1976,378055,11196,2,60
C1977,138422,12691,1,48
C1978,1065691,23709,1,24
C1979,385513,15327,0,36
C1980,1391293,26902,0,48
C1981,1008378,23087,2,36
C1982,782722,4706,2,60
C1983,936388,2001,0,12
C1984,1250847,11225,0,48
C1985,1084104,29057,1,24
C1986,403548,26700,0,60
C1987,894156,19488,1,48
C1988,1266053,16820,0,24
C1989,1327880,12891,0,48
C1990,1076163,3861,1,60
C1991,865363,7269,1,48
C1992,1440598,25327,2,36
C1993,402621,13112,1,60
C1994,522697,17699,0,48
C1995,781658,10320,1,12
C1996,735493,18821,1,48
C1997,817976,23230,2,36
C1998,1468006,12740,1,24
C1999,528705,5129,1,24
